Value,Label
" BARANCA"," BARANCA"
"ADOLF VAN NASSAUSTRAAT","ADOLF VAN NASSAUSTRAAT"
"ADRIAAN LACLE BOULEVAR","ADRIAAN LACLE BOULEVAR"
"ADRIAAN LACLE BOULEVARD","ADRIAAN LACLE BOULEVARD"
"ALABLANCASTRAAT","ALABLANCASTRAAT"
"ALFRED DE MUSSETSTRAAT","ALFRED DE MUSSETSTRAAT"
"ALIVIOSTRAAT","ALIVIOSTRAAT"
"ALOESTRAAT","ALOESTRAAT"
"ALTO VISTA","ALTO VISTA"
"ALVAREZSTRAAT","ALVAREZSTRAAT"
"AMALIA VAN SOLMSSTRAAT","AMALIA VAN SOLMSSTRAAT"
"AMANDELSTRAAT","AMANDELSTRAAT"
"AMAZONESTRAAT","AMAZONESTRAAT"
"AMISTAD","AMISTAD"
"AMSTERDAMSTRAAT","AMSTERDAMSTRAAT"
"ANASASTRAAT","ANASASTRAAT"
"ANGLOSTRAAT","ANGLOSTRAAT"
"ANGOCHI","ANGOCHI"
"ANTIGUAWEG","ANTIGUAWEG"
"APACHESTRAAT","APACHESTRAAT"
"APELSINASTRAAT","APELSINASTRAAT"
"APOLLOSTRAAT","APOLLOSTRAAT"
"ARCHIMEDESSTRAAT","ARCHIMEDESSTRAAT"
"ARENDSTRAAT","ARENDSTRAAT"
"ARGENTINIESTRAAT","ARGENTINIESTRAAT"
"ARNHEMSTRAAT","ARNHEMSTRAAT"
"AUREOLASTRAAT","AUREOLASTRAAT"
"AVENIDA ALO TROMP","AVENIDA ALO TROMP"
"AVENIDA MILIO J. CROES","AVENIDA MILIO J. CROES"
"AVENIDA MILO J. CROES","AVENIDA MILO J. CROES"
"AVENIDA PAPA J.P II","AVENIDA PAPA J.P II"
"AVICENNASTRAAT","AVICENNASTRAAT"
"AWACATISTRAAT","AWACATISTRAAT"
"AWAKATISTRAAT","AWAKATISTRAAT"
"AYO","AYO"
"AZTEKENSTRAAT","AZTEKENSTRAAT"
"B.V/D VEEN ZEPPENFELDSTR","B.V/D VEEN ZEPPENFELDSTR"
"BABIJN","BABIJN"
"BACHSTRAAT","BACHSTRAAT"
"BACOBASTRAAT","BACOBASTRAAT"
"BAKVAL","BAKVAL"
"BALANDERSTRAAT","BALANDERSTRAAT"
"BALASHI","BALASHI"
"BALASHI W.E.B.","BALASHI W.E.B."
"BALASHI WEB","BALASHI WEB"
"BALSAMOSTRAAT","BALSAMOSTRAAT"
"BARBA DI JONCUMANSTRAA","BARBA DI JONCUMANSTRAA"
"BARBA DI YONCUMANSTR","BARBA DI YONCUMANSTR"
"BARBA DI YONCUMANSTRAAT","BARBA DI YONCUMANSTRAAT"
"BARBADOSWEG","BARBADOSWEG"
"BARCADERA","BARCADERA"
"BARCELONA","BARCELONA"
"BAZINSSTRAAT","BAZINSSTRAAT"
"BAZINSTRAAT","BAZINSTRAAT"
"BEATRIXSTRAAT","BEATRIXSTRAAT"
"BEAUJONSTRAAT","BEAUJONSTRAAT"
"BELGIESTRAAT","BELGIESTRAAT"
"BELL HILLWEG","BELL HILLWEG"
"BELLISIMASTRAAT","BELLISIMASTRAAT"
"BEREHEINSTRAAT","BEREHEINSTRAAT"
"BERMUDEZSTRAAT","BERMUDEZSTRAAT"
"BERNADETASTRAAT","BERNADETASTRAAT"
"BERNARDSTRAAT","BERNARDSTRAAT"
"BERNHARDSTRAAT","BERNHARDSTRAAT"
"BETONICASTRAAT","BETONICASTRAAT"
"BEYISIMASTRAAT","BEYISIMASTRAAT"
"BILDERDIJKSTRAAT","BILDERDIJKSTRAAT"
"BISLICKSTRAAT","BISLICKSTRAAT"
"BLAUWESTEEG","BLAUWESTEEG"
"BLENCHISTRAAT","BLENCHISTRAAT"
"BLOEMOND","BLOEMOND"
"BLUMOND","BLUMOND"
"BOEGOEROEI","BOEGOEROEI"
"BOLIVIASTRAAT","BOLIVIASTRAAT"
"BONA VISTA NOORD","BONA VISTA NOORD"
"BONTEMANTELSTRAAT","BONTEMANTELSTRAAT"
"BOOBY HILLWEG","BOOBY HILLWEG"
"BOONCHI STRENASTRAAT","BOONCHI STRENASTRAAT"
"BORANCANA","BORANCANA"
"BORONCANA","BORONCANA"
"BOTON","BOTON"
"BOTTOM HILLWEG","BOTTOM HILLWEG"
"BOUTENSSTRAAT","BOUTENSSTRAAT"
"BOUTENSTRAAT","BOUTENSTRAAT"
"BOYLESTRAAT","BOYLESTRAAT"
"BRAHMSSTRAAT","BRAHMSSTRAAT"
"BRAHMSTRAAT","BRAHMSTRAAT"
"BRANDARISWEG","BRANDARISWEG"
"BRASIL","BRASIL"
"BRASIL KAVEL","BRASIL KAVEL"
"BRAZIL","BRAZIL"
"BRAZILIESTRAAT","BRAZILIESTRAAT"
"BREBASTRAAT","BREBASTRAAT"
"BRIEZENSTRAAT","BRIEZENSTRAAT"
"BRIKSTRAAT","BRIKSTRAAT"
"BRINGAMOSA","BRINGAMOSA"
"BRUEGELSTRAAT","BRUEGELSTRAAT"
"BRUSCA","BRUSCA"
"BUBALI","BUBALI"
"BUCUTIWEG","BUCUTIWEG"
"BUENA VISTA","BUENA VISTA"
"BURUBUNDO","BURUBUNDO"
"BURUBUNDU","BURUBUNDU"
"BURUBUNO","BURUBUNO"
"BUSHIRI","BUSHIRI"
"BUSHISTRAAT","BUSHISTRAAT"
"BUTUCU","BUTUCU"
"BYERLITE","BYERLITE"
"BYRONSTRAAT","BYRONSTRAAT"
"C. HUYGENSSTRAAT","C. HUYGENSSTRAAT"
"C. SOEUR GERARDA MAJELLA","C. SOEUR GERARDA MAJELLA"
"CABUYASTRAAT","CABUYASTRAAT"
"CADUSHI LARGO","CADUSHI LARGO"
"CADUSHISTRAAT","CADUSHISTRAAT"
"CALABAS","CALABAS"
"CALABASSTRAAT","CALABASSTRAAT"
"CALBAS","CALBAS"
"CALBASSTRAAT","CALBASSTRAAT"
"CAMACURI","CAMACURI"
"CAMARISTRAAT","CAMARISTRAAT"
"CAMPANASTRAAT","CAMPANASTRAAT"
"CANASHITO","CANASHITO"
"CANOASTRAAT","CANOASTRAAT"
"CANTALOUPESTRAAT","CANTALOUPESTRAAT"
"CAOBASTRAAT","CAOBASTRAAT"
"CARIBENSTRAAT","CARIBENSTRAAT"
"CAS ARIBA","CAS ARIBA"
"CAS DI PALOMA","CAS DI PALOMA"
"CASHERO","CASHERO"
"CASHUSTRAAT","CASHUSTRAAT"
"CASIBARI","CASIBARI"
"CASTROSTRAAT","CASTROSTRAAT"
"CATASHI","CATASHI"
"CATIRI","CATIRI"
"CATUNASTRAAT","CATUNASTRAAT"
"CAYA ANGUILA","CAYA ANGUILA"
"CAYA ANGUILLA","CAYA ANGUILLA"
"CAYA APPELDAM","CAYA APPELDAM"
"CAYA ARAROET","CAYA ARAROET"
"CAYA ARARUT","CAYA ARARUT"
"CAYA BALORIAN","CAYA BALORIAN"
"CAYA BARANCA","CAYA BARANCA"
"CAYA BEMBE","CAYA BEMBE"
"CAYA BINI BINI","CAYA BINI BINI"
"CAYA BINIBINI","CAYA BINIBINI"
"CAYA BINTI BINTI","CAYA BINTI BINTI"
"CAYA BISTA LAMA","CAYA BISTA LAMA"
"CAYA BOHI","CAYA BOHI"
"CAYA BONAIRE","CAYA BONAIRE"
"CAYA BOXMEER","CAYA BOXMEER"
"CAYA BREDA","CAYA BREDA"
"CAYA BUNITA BISTA","CAYA BUNITA BISTA"
"CAYA BUTISHI","CAYA BUTISHI"
"CAYA CANEBLUM","CAYA CANEBLUM"
"CAYA CAPT. R. RODGER","CAYA CAPT. R. RODGER"
"CAYA CASUELA","CAYA CASUELA"
"CAYA CHARLIE BROUNS SR.","CAYA CHARLIE BROUNS SR."
"CAYA CORSOU","CAYA CORSOU"
"CAYA CORSOW","CAYA CORSOW"
"CAYA DI BIENTO","CAYA DI BIENTO"
"CAYA DI CAMPEONNAN","CAYA DI CAMPEONNAN"
"CAYA DI ORO","CAYA DI ORO"
"CAYA DI SERO","CAYA DI SERO"
"CAYA DI SOLO","CAYA DI SOLO"
"CAYA DICK COOPER","CAYA DICK COOPER"
"CAYA DOROTHEA R - GIL","CAYA DOROTHEA R - GIL"
"CAYA DR. J.E.M. ARENDS","CAYA DR. J.E.M. ARENDS"
"CAYA E.O.(NETTO)PETRONIA","CAYA E.O.(NETTO)PETRONIA"
"CAYA ERNESTO O. PETRONIA","CAYA ERNESTO O. PETRONIA"
"CAYA FEDERICO MADURO","CAYA FEDERICO MADURO"
"CAYA FRANS FIGAROA","CAYA FRANS FIGAROA"
"CAYA FRANSE BLOEM","CAYA FRANSE BLOEM"
"CAYA FRANSEBLOEM","CAYA FRANSEBLOEM"
"CAYA FRÈRE ALEXIUS","CAYA FRÈRE ALEXIUS"
"CAYA FRERE ANDREAS","CAYA FRERE ANDREAS"
"CAYA FRÈRE ANTOON","CAYA FRÈRE ANTOON"
"CAYA FRÈRE ARNOLD","CAYA FRÈRE ARNOLD"
"CAYA FRERE BERNARD","CAYA FRERE BERNARD"
"CAYA FRÈRE BERNARD","CAYA FRÈRE BERNARD"
"CAYA FRÈRE BERNARDINUS","CAYA FRÈRE BERNARDINUS"
"CAYA FRÈRE BONIFACIUS","CAYA FRÈRE BONIFACIUS"
"CAYA FRERE EDUARDO","CAYA FRERE EDUARDO"
"CAYA FRÈRE EUGEEN","CAYA FRÈRE EUGEEN"
"CAYA FRERE HENRICUS","CAYA FRERE HENRICUS"
"CAYA FRÈRE JOHANNES","CAYA FRÈRE JOHANNES"
"CAYA FRÈRE LAURENTIUS","CAYA FRÈRE LAURENTIUS"
"CAYA FRÈRE PETRUS","CAYA FRÈRE PETRUS"
"CAYA FRÈRE VINCENTIUS","CAYA FRÈRE VINCENTIUS"
"CAYA G. TOPPENBERG","CAYA G. TOPPENBERG"
"CAYA G.F. (BETICO) CROES","CAYA G.F. (BETICO) CROES"
"CAYA G.F. BETICO CROES","CAYA G.F. BETICO CROES"
"CAYA GILBERTO TOPPENBERG","CAYA GILBERTO TOPPENBERG"
"CAYA GUADELOUPE","CAYA GUADELOUPE"
"CAYA H.THOMAS ERASMUS ","CAYA H.THOMAS ERASMUS "
"CAYA HAARLEM","CAYA HAARLEM"
"CAYA HADREY","CAYA HADREY"
"CAYA HANICO","CAYA HANICO"
"CAYA HARMONIA","CAYA HARMONIA"
"CAYA JOSE GEERMAN","CAYA JOSE GEERMAN"
"CAYA JUANCHO KOCK","CAYA JUANCHO KOCK"
"CAYA KANEBLOEM","CAYA KANEBLOEM"
"CAYA LOLITA E. EUSON","CAYA LOLITA E. EUSON"
"CAYA LUNA","CAYA LUNA"
"CAYA MAGUEY","CAYA MAGUEY"
"CAYA MAISHI RABO","CAYA MAISHI RABO"
"CAYA MANGASHINA","CAYA MANGASHINA"
"CAYA MARIO E. HARMS","CAYA MARIO E. HARMS"
"CAYA MARTINIQUE","CAYA MARTINIQUE"
"CAYA MESA BISTA","CAYA MESA BISTA"
"CAYA MUSICA","CAYA MUSICA"
"CAYA NEVIS","CAYA NEVIS"
"CAYA PAN BATI","CAYA PAN BATI"
"CAYA PARAPETE","CAYA PARAPETE"
"CAYA QUANT","CAYA QUANT"
"CAYA RAS","CAYA RAS"
"CAYA RITMO","CAYA RITMO"
"CAYA RUFO WEVER","CAYA RUFO WEVER"
"CAYA SABA","CAYA SABA"
"CAYA SEIDA","CAYA SEIDA"
"CAYA SOEUR DESIDERIA","CAYA SOEUR DESIDERIA"
"CAYA SOEUR DIONYSIA","CAYA SOEUR DIONYSIA"
"CAYA SOEUR DOROTHEA","CAYA SOEUR DOROTHEA"
"CAYA SOEUR MELETIA","CAYA SOEUR MELETIA"
"CAYA SOEUR NICEPHORA","CAYA SOEUR NICEPHORA"
"CAYA SOEUR ROSALIE","CAYA SOEUR ROSALIE"
"CAYA SOEURGERARDAMAJELLA","CAYA SOEURGERARDAMAJELLA"
"CAYA ST. CROIX","CAYA ST. CROIX"
"CAYA ST. EUSTATIUS","CAYA ST. EUSTATIUS"
"CAYA ST. JOHN","CAYA ST. JOHN"
"CAYA ST. KITTS","CAYA ST. KITTS"
"CAYA ST. LUCIA","CAYA ST. LUCIA"
"CAYA ST. MAARTEN","CAYA ST. MAARTEN"
"CAYA ST. THOMAS","CAYA ST. THOMAS"
"CAYA ST. VINCENT","CAYA ST. VINCENT"
"CAYA SUMPI?A","CAYA SUMPI?A"
"CAYA SUMPINJA","CAYA SUMPINJA"
"CAYA TAPUSHI","CAYA TAPUSHI"
"CAYA TARATATA","CAYA TARATATA"
"CAYA THEODORUS","CAYA THEODORUS"
"CAYA TILBURG","CAYA TILBURG"
"CAYA TOTOMO","CAYA TOTOMO"
"CAYA TUSA","CAYA TUSA"
"CAYA VALKENBURG","CAYA VALKENBURG"
"CAYA VELP","CAYA VELP"
"CAYA VRIES","CAYA VRIES"
"CAYENASTRAAT","CAYENASTRAAT"
"CELSIUSSTRAAT","CELSIUSSTRAAT"
"CHEROKEZENSTRAAT","CHEROKEZENSTRAAT"
"CHILESTRAAT","CHILESTRAAT"
"CHOPINSTRAAT","CHOPINSTRAAT"
"CHRISTIAANSSTRAAT","CHRISTIAANSSTRAAT"
"CHRISTIAANSTRAAT","CHRISTIAANSTRAAT"
"CHUCHUBISTRAAT","CHUCHUBISTRAAT"
"CITROENSTRAAT","CITROENSTRAAT"
"CLABILLOSTRAAT","CLABILLOSTRAAT"
"CLABIYOSTRAAT","CLABIYOSTRAAT"
"CLAVELSTRAAT","CLAVELSTRAAT"
"COASTAL KAMP","COASTAL KAMP"
"COBA LODO","COBA LODO"
"COCHINILLA","COCHINILLA"
"COCOROBANA","COCOROBANA"
"COCOSTRAAT","COCOSTRAAT"
"COLOMBIASTRAAT","COLOMBIASTRAAT"
"COLORADOSTRAAT","COLORADOSTRAAT"
"COLUMBUSSTRAAT","COLUMBUSSTRAAT"
"COMANCHESTRAAT","COMANCHESTRAAT"
"CONCESSIELAAN","CONCESSIELAAN"
"CONCORDIABERGWEG","CONCORDIABERGWEG"
"CONSTANTIJN HUYGENSTRA","CONSTANTIJN HUYGENSTRA"
"CONSUELOSTRAAT","CONSUELOSTRAAT"
"COPERNICUSSTRAAT","COPERNICUSSTRAAT"
"COSTA RICASTRAAT","COSTA RICASTRAAT"
"CRIJNSSENSTRAAT","CRIJNSSENSTRAAT"
"CRISTAL","CRISTAL"
"CROESSTRAAT","CROESSTRAAT"
"CRYNSSENSTRAAT","CRYNSSENSTRAAT"
"CUDI","CUDI"
"CUIGISTRAAT","CUIGISTRAAT"
"CUMANA","CUMANA"
"CUNUCU ABOU","CUNUCU ABOU"
"CUQUISASTRAAT","CUQUISASTRAAT"
"CURA CABAI","CURA CABAI"
"CURA CABAI ZUID","CURA CABAI ZUID"
"CURIESTRAAT","CURIESTRAAT"
"CUTISA","CUTISA"
"DABARUIDASTRAAT","DABARUIDASTRAAT"
"DADELSTRAAT","DADELSTRAAT"
"DAHLIASTRAAT","DAHLIASTRAAT"
"DAIMARI","DAIMARI"
"DAIMARI Z/N","DAIMARI Z/N"
"DALTONSTRAAT","DALTONSTRAAT"
"DANZA","DANZA"
"DATUSTRAAT","DATUSTRAAT"
"DE GROOTSTRAAT","DE GROOTSTRAAT"
"DE LA SALLESTRAAT","DE LA SALLESTRAAT"
"DE RUYTERSTRAAT","DE RUYTERSTRAAT"
"DE VEERSTRAAT","DE VEERSTRAAT"
"DE VUYST","DE VUYST"
"DE WITTSTRAAT","DE WITTSTRAAT"
"DEPCHI","DEPCHI"
"DIAMANTBERGWEG","DIAMANTBERGWEG"
"DIAMANTE","DIAMANTE"
"DIESELSTRAAT","DIESELSTRAAT"
"DIRKSZSTRAAT","DIRKSZSTRAAT"
"DIVIDIVISTRAAT","DIVIDIVISTRAAT"
"DOMINICANESSENSTRAAT","DOMINICANESSENSTRAAT"
"DOMINICAWEG","DOMINICAWEG"
"DOORMANSTRAAT","DOORMANSTRAAT"
"DR HENRIQUEZSTRAAT","DR HENRIQUEZSTRAAT"
"DR HORACIO E ODUBER BLVD","DR HORACIO E ODUBER BLVD"
"DR ODUBERSTRAAT","DR ODUBERSTRAAT"
"DR SCHAEPMANSTRAAT","DR SCHAEPMANSTRAAT"
"DR. HENRIQUEZSTRAAT","DR. HENRIQUEZSTRAAT"
"DR. ODUBERSTRAAT","DR. ODUBERSTRAAT"
"DR. SCHAEPMANSTRAAT","DR. SCHAEPMANSTRAAT"
"DR.HORACIO E.ODUBER BLVD","DR.HORACIO E.ODUBER BLVD"
"DRIEMASTERSTRAAT","DRIEMASTERSTRAAT"
"DRUIVENSTRAAT","DRUIVENSTRAAT"
"DUARTESTRAAT","DUARTESTRAAT"
"DWARSSTRAAT","DWARSSTRAAT"
"ECKMEYERSTRAAT","ECKMEYERSTRAAT"
"ECUADORSTRAAT","ECUADORSTRAAT"
"EDENSTRAAT","EDENSTRAAT"
"EDISONSTRAAT","EDISONSTRAAT"
"ELLEBOOGSTRAAT","ELLEBOOGSTRAAT"
"EMANSTRAAT","EMANSTRAAT"
"EMMASTRAAT","EMMASTRAAT"
"ENGELANDSTRAAT","ENGELANDSTRAAT"
"ERASMUSSTRAAT","ERASMUSSTRAAT"
"ERASMUSTRAAT","ERASMUSTRAAT"
"ESMERALDA","ESMERALDA"
"ESSO HEIGHTS","ESSO HEIGHTS"
"FAHRENHEITSTRAAT","FAHRENHEITSTRAAT"
"FARADAYSTRAAT","FARADAYSTRAAT"
"FELICIDAD","FELICIDAD"
"FIGAROASTRAAT","FIGAROASTRAAT"
"FIRST STICK HILLWEG","FIRST STICK HILLWEG"
"FIYOSTRAAT","FIYOSTRAAT"
"FLACCIUSSTRAAT","FLACCIUSSTRAAT"
"FLAG STAFFWEG","FLAG STAFFWEG"
"FLAMBOYANSTRAAT","FLAMBOYANSTRAAT"
"FLAMINGOSTRAAT","FLAMINGOSTRAAT"
"FLEMINGSTRAAT","FLEMINGSTRAAT"
"FLEMMINGSTRAAT","FLEMMINGSTRAAT"
"FLORIN","FLORIN"
"FORTHEUVELSTRAAT","FORTHEUVELSTRAAT"
"FRANKENSTRAAT","FRANKENSTRAAT"
"FRANKLINSTRAAT","FRANKLINSTRAAT"
"FRED HENDRIKSTRAAT","FRED HENDRIKSTRAAT"
"FREDERIK HENDRIKSTRAAT","FREDERIK HENDRIKSTRAAT"
"FUERTE","FUERTE"
"G. M. DE BRUYNEWIJK","G. M. DE BRUYNEWIJK"
"GALILEISTRAAT","GALILEISTRAAT"
"GASPARITO","GASPARITO"
"GEERMANSTRAAT","GEERMANSTRAAT"
"GEN MAJ DE BRUYNEWIJK","GEN MAJ DE BRUYNEWIJK"
"GEN. MAJ. DE BRUYNEWIJK","GEN. MAJ. DE BRUYNEWIJK"
"GEORGE MADUROSTRAAT","GEORGE MADUROSTRAAT"
"GEZELLESTRAAT","GEZELLESTRAAT"
"GIELSTRAAT","GIELSTRAAT"
"GILLES POPPESTRAAT","GILLES POPPESTRAAT"
"GOLETSTRAAT","GOLETSTRAAT"
"GOLFWEG","GOLFWEG"
"GONZALITOSTRAAT","GONZALITOSTRAAT"
"GRANAATAPPELSTRAAT","GRANAATAPPELSTRAAT"
"GRAVENHORSTSTRAAT","GRAVENHORSTSTRAAT"
"GREAT HILLWEG","GREAT HILLWEG"
"GRENADAWEG","GRENADAWEG"
"GROTE BERGWEG","GROTE BERGWEG"
"GUATEMALASTRAAT","GUATEMALASTRAAT"
"GUIDO GEZELLESTRAAT","GUIDO GEZELLESTRAAT"
"GUITARASTRAAT","GUITARASTRAAT"
"GURDEIN","GURDEIN"
"GUTENBERGSTRAAT","GUTENBERGSTRAAT"
"GUYABASTRAAT","GUYABASTRAAT"
"GUYABASTRAAT Z/N","GUYABASTRAAT Z/N"
"HABIJASTRAAT","HABIJASTRAAT"
"HATO","HATO"
"HAVENSTRAAT","HAVENSTRAAT"
"HEIDESTRAAT","HEIDESTRAAT"
"HELFRICHSTRAAT","HELFRICHSTRAAT"
"HENDRIK CASIMIRSTRAAT","HENDRIK CASIMIRSTRAAT"
"HENDRIKSTRAAT","HENDRIKSTRAAT"
"HERMAN GORTERSTRAAT","HERMAN GORTERSTRAAT"
"HILDEBRANDSTRAAT","HILDEBRANDSTRAAT"
"HOOIBERG","HOOIBERG"
"HOOIBERG KAVEL","HOOIBERG KAVEL"
"HOSPITAALSTRAAT","HOSPITAALSTRAAT"
"HOSPITAALWIJK","HOSPITAALWIJK"
"HUBADASTRAAT","HUBADASTRAAT"
"HUMILDAD","HUMILDAD"
"HURONSTRAAT","HURONSTRAAT"
"IERLANDSTRAAT","IERLANDSTRAAT"
"INDIANENWEG","INDIANENWEG"
"IR LUYMESSTRAAT","IR LUYMESSTRAAT"
"IR. LUYMESSTRAAT","IR. LUYMESSTRAAT"
"IRAUSQUINPLEIN","IRAUSQUINPLEIN"
"IRENESTRAAT","IRENESTRAAT"
"ISAAC WAGEMAKERSTRAAT","ISAAC WAGEMAKERSTRAAT"
"ITALIESTRAAT","ITALIESTRAAT"
"J.E. IRAUSQUIN BLVD","J.E. IRAUSQUIN BLVD"
"J.E. IRAUSQUIN BOULEVARD","J.E. IRAUSQUIN BOULEVARD"
"J.E.IRAUSQUINPLEIN","J.E.IRAUSQUINPLEIN"
"JABURIBARI","JABURIBARI"
"JACOB CATSTRAAT","JACOB CATSTRAAT"
"JACOB THIELENSTRAAT","JACOB THIELENSTRAAT"
"JAMANOTA","JAMANOTA"
"JAN DE OUDESTRAAT","JAN DE OUDESTRAAT"
"JAN FLEMMING","JAN FLEMMING"
"JAN STEENSTRAAT","JAN STEENSTRAAT"
"JAN VAN DER BIESTSTRAA","JAN VAN DER BIESTSTRAA"
"JAN VAN DER BIESTSTRAAT","JAN VAN DER BIESTSTRAAT"
"JAN VAN NASSAUSTRAAT","JAN VAN NASSAUSTRAAT"
"JANANA","JANANA"
"JANSZSTRAAT","JANSZSTRAAT"
"JARA COMPLEX","JARA COMPLEX"
"JARMANSTRAAT","JARMANSTRAAT"
"JASMIJNSTRAAT","JASMIJNSTRAAT"
"JIM BLUE JACKETSTRAAT","JIM BLUE JACKETSTRAAT"
"JOHAN DE WITTSTRAAT","JOHAN DE WITTSTRAAT"
"JOHN G. EMANSTRAAT","JOHN G. EMANSTRAAT"
"JOLASTRAAT","JOLASTRAAT"
"JUANA MORTO","JUANA MORTO"
"JUANA MORTO COMPLEX","JUANA MORTO COMPLEX"
"JUANA MORTOSTRAAT","JUANA MORTOSTRAAT"
"JUCURI","JUCURI"
"JULIANA VAN STOLBERGST","JULIANA VAN STOLBERGST"
"JULIANA VAN STOLBERGSTR","JULIANA VAN STOLBERGSTR"
"JULIANASTRAAT","JULIANASTRAAT"
"JUPITERSTRAAT","JUPITERSTRAAT"
"JUWANA MORTO COMPLEX","JUWANA MORTO COMPLEX"
"JUWANA MORTOSTRAAT","JUWANA MORTOSTRAAT"
"JUWAWEG","JUWAWEG"
"KAAS ARIBA","KAAS ARIBA"
"KAAS DI PALOMA","KAAS DI PALOMA"
"KADUSHI LARGO","KADUSHI LARGO"
"KADUSHISTRAAT","KADUSHISTRAAT"
"KAMAY","KAMAY"
"KAMERLINGH ONNESSTRAAT","KAMERLINGH ONNESSTRAAT"
"KANARIESTRAAT","KANARIESTRAAT"
"KAS ARIBA","KAS ARIBA"
"KAS DI PALOMA","KAS DI PALOMA"
"KASHUSTRAAT","KASHUSTRAAT"
"KATUNASTRAAT","KATUNASTRAAT"
"KEITO","KEITO"
"KENEPASTRAAT","KENEPASTRAAT"
"KERKSTRAAT","KERKSTRAAT"
"KIBAIMA","KIBAIMA"
"KIBRAHACHASTRAAT","KIBRAHACHASTRAAT"
"KINIKINISTRAAT","KINIKINISTRAAT"
"KIVITI","KIVITI"
"KLEINE BERGWEG","KLEINE BERGWEG"
"KOCKSTRAAT","KOCKSTRAAT"
"KOENOEKOE ABAO","KOENOEKOE ABAO"
"KOERIBOERI","KOERIBOERI"
"KOLIBRISTRAAT","KOLIBRISTRAAT"
"KONINGSTRAAT","KONINGSTRAAT"
"KOOLBAAIBERGSTRAAT","KOOLBAAIBERGSTRAAT"
"KORTE STEEG","KORTE STEEG"
"KORTESTEEG","KORTESTEEG"
"KORVETSTRAAT","KORVETSTRAAT"
"KOYARI","KOYARI"
"KRUISWEG","KRUISWEG"
"KUDAWECHA","KUDAWECHA"
"KUIPERISTRAAT","KUIPERISTRAAT"
"KUKWISASTRAAT","KUKWISASTRAAT"
"KUNUCU ABOU","KUNUCU ABOU"
"KURIMIAUW","KURIMIAUW"
"KUSTBATTERIJ","KUSTBATTERIJ"
"KWARTSSTRAAT","KWARTSSTRAAT"
"KWARTSZSTRAAT","KWARTSZSTRAAT"
"KWIHISTRAAT","KWIHISTRAAT"
"L.G. SMITH BOULEVARD","L.G. SMITH BOULEVARD"
"LAGA BENA","LAGA BENA"
"LAGO HEIGHTSSTRAAT","LAGO HEIGHTSSTRAAT"
"LAGOENWEG","LAGOENWEG"
"LAGOWEG","LAGOWEG"
"LAMOENCHISTRAAT","LAMOENCHISTRAAT"
"LAMUNCHISTRAAT","LAMUNCHISTRAAT"
"LARAHASTRAAT","LARAHASTRAAT"
"LAURENS COSTERSTRAAT","LAURENS COSTERSTRAAT"
"LOD V NASSAUSTRAAT","LOD V NASSAUSTRAAT"
"LODEWIJK VAN NASSAUSTR","LODEWIJK VAN NASSAUSTR"
"LONGFELLOWSTRAAT","LONGFELLOWSTRAAT"
"LOPEZSTRAAT","LOPEZSTRAAT"
"LOUISE DE COLIGNYSTRAA","LOUISE DE COLIGNYSTRAA"
"LOUISE DE COLIGNYSTRAAT","LOUISE DE COLIGNYSTRAAT"
"LUCEROSTRAAT","LUCEROSTRAAT"
"LUCIANITASTRAAT","LUCIANITASTRAAT"
"LUNA","LUNA"
"LUXEMBURGSTRAAT","LUXEMBURGSTRAAT"
"MABON","MABON"
"MABON KAVEL","MABON KAVEL"
"MACAPRUIMSTRAAT","MACAPRUIMSTRAAT"
"MACUARIMA","MACUARIMA"
"MACUARINA","MACUARINA"
"MACUBARISTRAAT","MACUBARISTRAAT"
"MADIKI","MADIKI"
"MADIKI KAVEL","MADIKI KAVEL"
"MADIKI-KAVEL","MADIKI-KAVEL"
"MADUROSTRAAT","MADUROSTRAAT"
"MAGDALENASTRAAT","MAGDALENASTRAAT"
"MAHOEMA","MAHOEMA"
"MAHUMA","MAHUMA"
"MAKAPRUIMSTRAAT","MAKAPRUIMSTRAAT"
"MALMOK","MALMOK"
"MALMOKWEG","MALMOKWEG"
"MALOHISTRAAT","MALOHISTRAAT"
"MAMOTICASTRAAT","MAMOTICASTRAAT"
"MANDARINASTRAAT","MANDARINASTRAAT"
"MANDOLINSTRAAT","MANDOLINSTRAAT"
"MANGELSTRAAT","MANGELSTRAAT"
"MANGOSTRAAT","MANGOSTRAAT"
"MANZANIASTRAAT","MANZANIASTRAAT"
"MANZANILLASTRAAT","MANZANILLASTRAAT"
"MARACASTRAAT","MARACASTRAAT"
"MARAWIEL","MARAWIEL"
"MARGRIETSTRAAT","MARGRIETSTRAAT"
"MARIA CHRISTINASTRAAT","MARIA CHRISTINASTRAAT"
"MARIA MAAI","MARIA MAAI"
"MARIA V ORANJESTRAAT","MARIA V ORANJESTRAAT"
"MARIA VAN ORANJESTRAAT","MARIA VAN ORANJESTRAAT"
"MARIEPAMPOENSTRAAT","MARIEPAMPOENSTRAAT"
"MARIPAMPUNSTRAAT","MARIPAMPUNSTRAAT"
"MARKTSTRAAT","MARKTSTRAAT"
"MARNIXSTRAAT","MARNIXSTRAAT"
"MATADERA","MATADERA"
"MATIVIDIRI","MATIVIDIRI"
"MATOGERAI","MATOGERAI"
"MAURITSSTRAAT","MAURITSSTRAAT"
"MAUVESTRAAT","MAUVESTRAAT"
"MAXWELLSTRAAT","MAXWELLSTRAAT"
"MAZURKA","MAZURKA"
"MEIVELD","MEIVELD"
"MENDELSOHNSTRAAT","MENDELSOHNSTRAAT"
"MGR. ELLISSTRAAT","MGR. ELLISSTRAAT"
"MGR. P.I. VERRIETSTRAAT","MGR. P.I. VERRIETSTRAAT"
"MGR.M.J.NIEUWINDTSTRAAT.","MGR.M.J.NIEUWINDTSTRAAT."
"MGR.M.J.NIEWINDTSTRAAT","MGR.M.J.NIEWINDTSTRAAT"
"MGR.P.I. VERRIETSTRAAT","MGR.P.I. VERRIETSTRAAT"
"MIDDENWEG","MIDDENWEG"
"MILONSTRAAT","MILONSTRAAT"
"MIRA LA MAR","MIRA LA MAR"
"MIRAFLORWEG","MIRAFLORWEG"
"MISPELSTRAAT","MISPELSTRAAT"
"MISSISSIPPISTRAAT","MISSISSIPPISTRAAT"
"MISSOURISTRAAT","MISSOURISTRAAT"
"MODANZA","MODANZA"
"MOHIKANENSTRAAT","MOHIKANENSTRAAT"
"MOKO","MOKO"
"MON POS","MON POS"
"MONS ELLISSTRAAT","MONS ELLISSTRAAT"
"MONS NIEUWINDTSTRAAT","MONS NIEUWINDTSTRAAT"
"MONSERAT","MONSERAT"
"MONT CARETAWEG","MONT CARETAWEG"
"MONT O'REILLYWEG","MONT O'REILLYWEG"
"MONT PELEESTRAAT","MONT PELEESTRAAT"
"MONTA?A","MONTA?A"
"MONTANA","MONTANA"
"MONTANJA","MONTANJA"
"MONTE VERDE","MONTE VERDE"
"MORGENSTER","MORGENSTER"
"MOUNT SCENERYSTRAAT","MOUNT SCENERYSTRAAT"
"MOZARTSTRAAT","MOZARTSTRAAT"
"NAYOSTRAAT","NAYOSTRAAT"
"NEPTUNESSTRAAT","NEPTUNESSTRAAT"
"NEWTONSTRAAT","NEWTONSTRAAT"
"NICARAGUASTRAAT","NICARAGUASTRAAT"
"NIEUWE WEG","NIEUWE WEG"
"NIEUWKERKSTRAAT","NIEUWKERKSTRAAT"
"NIEUWSTRAAT","NIEUWSTRAAT"
"NIJHOFFSTRAAT","NIJHOFFSTRAAT"
"NOBELSTRAAT","NOBELSTRAAT"
"NOGUERASTRAAT","NOGUERASTRAAT"
"NOORD","NOORD"
"NOORD BONA VISTA","NOORD BONA VISTA"
"NOORD CURA CABAI","NOORD CURA CABAI"
"NU?A","NU?A"
"NUNE","NUNE"
"NUYENSTRAAT","NUYENSTRAAT"
"OHMSTRAAT","OHMSTRAAT"
"OLDENBARNEVELDSTRAAT","OLDENBARNEVELDSTRAAT"
"OLIJFISTRAAT","OLIJFISTRAAT"
"OOSTENBERGWEG","OOSTENBERGWEG"
"OOSTSTRAAT","OOSTSTRAAT"
"OPAL","OPAL"
"ORANJESTRAAT","ORANJESTRAAT"
"ORCUYO","ORCUYO"
"ORINOCOSTRAAT","ORINOCOSTRAAT"
"OTAHEITISTRAAT","OTAHEITISTRAAT"
"OUDE SCHOOLSTRAAT","OUDE SCHOOLSTRAAT"
"P C HOOFTSTRAAT","P C HOOFTSTRAAT"
"P.C. HOOFTSTRAAT","P.C. HOOFTSTRAAT"
"PAGAAISTRAAT","PAGAAISTRAAT"
"PAGAISTRAAT","PAGAISTRAAT"
"PALISIAWEG","PALISIAWEG"
"PALM BEACH","PALM BEACH"
"PALMA REAL","PALMA REAL"
"PALMITASTRAAT","PALMITASTRAAT"
"PALO DI BOONCHISTRAAT","PALO DI BOONCHISTRAAT"
"PALO DI LECHISTRAAT","PALO DI LECHISTRAAT"
"PALU DI BOONCHISTRAAT","PALU DI BOONCHISTRAAT"
"PALU DI LECHISTRAAT","PALU DI LECHISTRAAT"
"PAMPOENASTRAAT","PAMPOENASTRAAT"
"PAMPUNASTRAAT","PAMPUNASTRAAT"
"PANAMASTRAAT","PANAMASTRAAT"
"PAPAYA","PAPAYA"
"PAPAYASTRAAT","PAPAYASTRAAT"
"PAPILON","PAPILON"
"PARADERA","PARADERA"
"PARADIJS","PARADIJS"
"PARADIJSHEUVELSTRAAT","PARADIJSHEUVELSTRAAT"
"PARADIJSWIJK","PARADIJSWIJK"
"PARAGUANA","PARAGUANA"
"PARAGUAYSTRAAT","PARAGUAYSTRAAT"
"PARAMIRA","PARAMIRA"
"PARISH HILLWEG","PARISH HILLWEG"
"PARKIETENBOS","PARKIETENBOS"
"PASCALLSTRAAT","PASCALLSTRAAT"
"PASCALSTRAAT","PASCALSTRAAT"
"PASTEURSTRAAT","PASTEURSTRAAT"
"PASTOOR HELLINGSTRAAT","PASTOOR HELLINGSTRAAT"
"PASTOOR HENDRIKSTRAAT","PASTOOR HENDRIKSTRAAT"
"PASTOOR PENNINXSTRAAT","PASTOOR PENNINXSTRAAT"
"PATIASTRAAT","PATIASTRAAT"
"PAVIA","PAVIA"
"PAVIAPARK","PAVIAPARK"
"PAVILLA","PAVILLA"
"PAVILLA PARK","PAVILLA PARK"
"PEDRO GALLEGOSTRAAT","PEDRO GALLEGOSTRAAT"
"PEKININI","PEKININI"
"PERKIETENBOS","PERKIETENBOS"
"PERUSTRAAT","PERUSTRAAT"
"PICARON","PICARON"
"PIEDRA PLAT","PIEDRA PLAT"
"PIERRE CORNEILLESTRAAT","PIERRE CORNEILLESTRAAT"
"PIETER BOERSTRAAT","PIETER BOERSTRAAT"
"PIETER BRUEGHELSTRAAT","PIETER BRUEGHELSTRAAT"
"PINDASTRAAT","PINDASTRAAT"
"PITASTRAAT","PITASTRAAT"
"PLANTERSRUST","PLANTERSRUST"
"PLAZA BETICO CROES","PLAZA BETICO CROES"
"PONTON","PONTON"
"PORRIERSTRAAT","PORRIERSTRAAT"
"POS ABAO","POS ABAO"
"POS ABOU","POS ABOU"
"POS CHIKITO","POS CHIKITO"
"POS CHIKITO COMPLEX","POS CHIKITO COMPLEX"
"POS CHIQUITO","POS CHIQUITO"
"POS CHIQUITO COMPLEX","POS CHIQUITO COMPLEX"
"POTREROWEG","POTREROWEG"
"PRIMAVERA","PRIMAVERA"
"PRINSENSTRAAT","PRINSENSTRAAT"
"PROF LORENTZSTRAAT","PROF LORENTZSTRAAT"
"PROF. LORENTZSTRAAT","PROF. LORENTZSTRAAT"
"PURUN","PURUN"
"QUASTSTRAAT","QUASTSTRAAT"
"QUILLSTRAAT","QUILLSTRAAT"
"RANCHOSTRAAT","RANCHOSTRAAT"
"RASMIJNSTRAAT","RASMIJNSTRAAT"
"RASPASTRAAT","RASPASTRAAT"
"REAMURSTRAAT","REAMURSTRAAT"
"REAUMURSTRAAT","REAUMURSTRAAT"
"RED ROCKWEG","RED ROCKWEG"
"REMBRANDTSTRAAT","REMBRANDTSTRAAT"
"RESEDASTRAAT","RESEDASTRAAT"
"RESPET","RESPET"
"RONCADO","RONCADO"
"RONDE KLIPWEG","RONDE KLIPWEG"
"RONDWEG","RONDWEG"
"RONTGENSTRAAT","RONTGENSTRAAT"
"ROOI AFO","ROOI AFO"
"ROOI BOSAL","ROOI BOSAL"
"ROOI CONGO","ROOI CONGO"
"ROOI KOCHI","ROOI KOCHI"
"ROOI KOOCHI","ROOI KOOCHI"
"ROOI LAMOENCHI","ROOI LAMOENCHI"
"ROOI LAMUNCHI","ROOI LAMUNCHI"
"ROOI MASTER","ROOI MASTER"
"ROOI PRIKICHI","ROOI PRIKICHI"
"ROOI SANTO","ROOI SANTO"
"ROOI TAKI","ROOI TAKI"
"ROOIWEG","ROOIWEG"
"ROTTERDAMSTRAAT","ROTTERDAMSTRAAT"
"ROZENSTRAAT","ROZENSTRAAT"
"RUBY","RUBY"
"RUDOLF ARENDSSTRAAT","RUDOLF ARENDSSTRAAT"
"RUMBASTRAAT","RUMBASTRAAT"
"RUYSDAELSTRAAT","RUYSDAELSTRAAT"
"SABANA BASORA","SABANA BASORA"
"SABANA BASORA NOORD","SABANA BASORA NOORD"
"SABANA BLANCO","SABANA BLANCO"
"SABANA BLANCO Z/N","SABANA BLANCO Z/N"
"SABANA GRANDI","SABANA GRANDI"
"SABANA LIBER","SABANA LIBER"
"SABANA LIBRE","SABANA LIBRE"
"SABANIA ABOU","SABANIA ABOU"
"SABANILLA ABAO","SABANILLA ABAO"
"SABASTRAAT","SABASTRAAT"
"SAFIR","SAFIR"
"SALI?A","SALI?A"
"SALI?A CERCA","SALI?A CERCA"
"SALINJA","SALINJA"
"SALINJA CERCA","SALINJA CERCA"
"SAN BARBOLA","SAN BARBOLA"
"SAN FUEGO","SAN FUEGO"
"SAN MIGUEL","SAN MIGUEL"
"SANTA CRUZ","SANTA CRUZ"
"SANTA HELENASTRAAT","SANTA HELENASTRAAT"
"SANTA LUCIA","SANTA LUCIA"
"SANTA MARTHA","SANTA MARTHA"
"SANTO DI PATIA","SANTO DI PATIA"
"SAVANETA","SAVANETA"
"SCHELPSTRAAT","SCHELPSTRAAT"
"SCHOENERSTRAAT","SCHOENERSTRAAT"
"SCHOOLSTRAAT","SCHOOLSTRAAT"
"SCHOTLANDSTRAAT","SCHOTLANDSTRAAT"
"SCHREUDERSTRAAT","SCHREUDERSTRAAT"
"SCHUBERTSTRAAT","SCHUBERTSTRAAT"
"SCHUMANSTRAAT","SCHUMANSTRAAT"
"SCOBILLOSTRAAT","SCOBILLOSTRAAT"
"SCOBIYOSTRAAT","SCOBIYOSTRAAT"
"SCOPAPELSTRAAT","SCOPAPELSTRAAT"
"SCOPETSTRAAT","SCOPETSTRAAT"
"SEMELEERSTRAAT","SEMELEERSTRAAT"
"SEMINOLENSTRAAT","SEMINOLENSTRAAT"
"SENEBLAR","SENEBLAR"
"SENTRY HILLWEG","SENTRY HILLWEG"
"SERO ALEJANDRO","SERO ALEJANDRO"
"SERO BENTANAWEG","SERO BENTANAWEG"
"SERO BIENTO","SERO BIENTO"
"SERO BLANCO","SERO BLANCO"
"SERO COLORADO","SERO COLORADO"
"SERO COLORADO TRAILER","SERO COLORADO TRAILER"
"SERO COMPA","SERO COMPA"
"SERO DAKWEWEG","SERO DAKWEWEG"
"SERO DOS POSWEG","SERO DOS POSWEG"
"SERO GRANDIWEG","SERO GRANDIWEG"
"SERO JANCHI","SERO JANCHI"
"SERO LARGOWEG","SERO LARGOWEG"
"SERO LOPEZ","SERO LOPEZ"
"SERO PADUA ","SERO PADUA "
"SERO PATRISHI","SERO PATRISHI"
"SERO PELA","SERO PELA"
"SERO PITA","SERO PITA"
"SERO PRETO PAR.","SERO PRETO PAR."
"SERO PRETO PARADERA","SERO PRETO PARADERA"
"SERO PRETO S.N.","SERO PRETO S.N."
"SERO TIJSHI","SERO TIJSHI"
"SEROE ALEJANDRO","SEROE ALEJANDRO"
"SEROE BENTANAWEG","SEROE BENTANAWEG"
"SEROE BIENTO","SEROE BIENTO"
"SEROE BLANCO","SEROE BLANCO"
"SEROE COLORADO","SEROE COLORADO"
"SEROE COLORADO TRAILER","SEROE COLORADO TRAILER"
"SEROE COMPA","SEROE COMPA"
"SEROE DAKWEWEG","SEROE DAKWEWEG"
"SEROE DOS POSWEG","SEROE DOS POSWEG"
"SEROE GRANDIWEG","SEROE GRANDIWEG"
"SEROE JANCHI","SEROE JANCHI"
"SEROE LARGOWEG","SEROE LARGOWEG"
"SEROE LOPES","SEROE LOPES"
"SEROE PATRISHI","SEROE PATRISHI"
"SEROE PELA","SEROE PELA"
"SEROE PITA","SEROE PITA"
"SEROE PRETO - PARADERA","SEROE PRETO - PARADERA"
"SEROE PRETO ST NIC","SEROE PRETO ST NIC"
"SEROE TIJSJI","SEROE TIJSJI"
"SHABA","SHABA"
"SHAKESPEARESTRAAT","SHAKESPEARESTRAAT"
"SHETE","SHETE"
"SHIMARUCUSTRAAT","SHIMARUCUSTRAAT"
"SHIMARUKUSTRAAT","SHIMARUKUSTRAAT"
"SHIRIBANA","SHIRIBANA"
"SIBELIUSSTRAAT","SIBELIUSSTRAAT"
"SIMON PLATSSTRAAT","SIMON PLATSSTRAAT"
"SIOUXSTRAAT","SIOUXSTRAAT"
"SIRIBANA","SIRIBANA"
"SISALSTRAAT","SISALSTRAAT"
"SIVIDIVI","SIVIDIVI"
"SJABURURI","SJABURURI"
"SMITH BOULEVARD","SMITH BOULEVARD"
"SMITH BOULEVARD Z/N","SMITH BOULEVARD Z/N"
"SOCOTOROLAAN","SOCOTOROLAAN"
"SOCOTOROWIJK","SOCOTOROWIJK"
"SOLEDAD","SOLEDAD"
"SOLITO","SOLITO"
"SOLO","SOLO"
"SOMBRE","SOMBRE"
"SORSACASTRAAT","SORSACASTRAAT"
"SOUFRIERESTRAAT","SOUFRIERESTRAAT"
"SPAANS LAGOEN","SPAANS LAGOEN"
"SPAANS LAGOENWEG","SPAANS LAGOENWEG"
"SPECHTSTRAAT","SPECHTSTRAAT"
"SPINOZASTRAAT","SPINOZASTRAAT"
"SPORTPARKSTRAAT","SPORTPARKSTRAAT"
"ST CATHERINESTRAAT","ST CATHERINESTRAAT"
"ST MAARTENSTRAAT","ST MAARTENSTRAAT"
"ST VINCENTWEG","ST VINCENTWEG"
"ST. ANTONIEBERGWEG","ST. ANTONIEBERGWEG"
"ST. CATHERINESTRAAT","ST. CATHERINESTRAAT"
"ST. CHRISTOFFELBERGWEG","ST. CHRISTOFFELBERGWEG"
"ST. PETER HILLWEG","ST. PETER HILLWEG"
"ST. THERESIAPLEIN","ST. THERESIAPLEIN"
"ST. VINCENTWEG","ST. VINCENTWEG"
"STA CRUZ","STA CRUZ"
"STA HELENASTRAAT","STA HELENASTRAAT"
"STA LUCIA","STA LUCIA"
"STA MARTA","STA MARTA"
"STA MARTA Z/N","STA MARTA Z/N"
"STADHOUDERSTRAAT","STADHOUDERSTRAAT"
"STADIONPLEIN","STADIONPLEIN"
"STADIONWEG","STADIONWEG"
"STAMPERSTRAAT","STAMPERSTRAAT"
"STANDARD VILLE","STANDARD VILLE"
"STANDARDVILLE","STANDARDVILLE"
"STARINGSTRAAT","STARINGSTRAAT"
"STEENWEG","STEENWEG"
"STREA","STREA"
"STUYVESANTSTRAAT","STUYVESANTSTRAAT"
"SUCUCHI","SUCUCHI"
"SWEELINCKSTRAAT","SWEELINCKSTRAAT"
"SYLVIA A GODETT STRAAT","SYLVIA A GODETT STRAAT"
"TAFELBERGWEG","TAFELBERGWEG"
"TAMARIJN","TAMARIJN"
"TAMARIJNSTRAAT","TAMARIJNSTRAAT"
"TAMBORSTRAAT","TAMBORSTRAAT"
"TANGERINASTRAAT","TANGERINASTRAAT"
"TANKI FLIP","TANKI FLIP"
"TANKI LEENDERT","TANKI LEENDERT"
"TARABANA","TARABANA"
"TARABANAWEG","TARABANAWEG"
"TEBENKI","TEBENKI"
"THEATERSTRAAT","THEATERSTRAAT"
"TIBUSHI","TIBUSHI"
"TIMBALSTRAAT","TIMBALSTRAAT"
"TIMONSTRAAT","TIMONSTRAAT"
"TOBELSTRAAT","TOBELSTRAAT"
"TOMATENSTRAAT","TOMATENSTRAAT"
"TOPAZ","TOPAZ"
"TORRICELLISTRAAT","TORRICELLISTRAAT"
"TOTOLICASTRAAT","TOTOLICASTRAAT"
"TRIANGELSTRAAT","TRIANGELSTRAAT"
"TRIANGOSTRAAT","TRIANGOSTRAAT"
"TRINITARIASTRAAT","TRINITARIASTRAAT"
"TROMPSTRAAT","TROMPSTRAAT"
"TRUPIAALSTRAAT","TRUPIAALSTRAAT"
"TULPENSTRAAT","TULPENSTRAAT"
"TUMBA","TUMBA"
"TUNASTRAAT","TUNASTRAAT"
"TURIBANA","TURIBANA"
"URATAKA","URATAKA"
"URUGUAYSTRAAT","URUGUAYSTRAAT"
"V RENSELAERSTRAAT","V RENSELAERSTRAAT"
"V SLOBBESTRAAT","V SLOBBESTRAAT"
"V SPEYKSTRAAT","V SPEYKSTRAAT"
"V/D VEEN ZEPPENFELDSTR","V/D VEEN ZEPPENFELDSTR"
"VAN DEN BOSSCHESTRAAT","VAN DEN BOSSCHESTRAAT"
"VAN DER LINDENSTRAAT","VAN DER LINDENSTRAAT"
"VAN DEVENTERSTRAAT","VAN DEVENTERSTRAAT"
"VAN DRAGTSTRAAT","VAN DRAGTSTRAAT"
"VAN EEKHOUTSTRAAT","VAN EEKHOUTSTRAAT"
"VAN GALENSTRAAT","VAN GALENSTRAAT"
"VAN LEEUWENHOEKSTRAAT","VAN LEEUWENHOEKSTRAAT"
"VAN LENNEPSTRAAT","VAN LENNEPSTRAAT"
"VAN RENSELAERSTRAAT","VAN RENSELAERSTRAAT"
"VAN SPEYKSTRAAT","VAN SPEYKSTRAAT"
"VAN WALBEECKSTRAAT","VAN WALBEECKSTRAAT"
"VENEZUELASTRAAT","VENEZUELASTRAAT"
"VENUSSTRAAT","VENUSSTRAAT"
"VERANO","VERANO"
"VERBINDINGSWEG","VERBINDINGSWEG"
"VERRIETSTRAAT","VERRIETSTRAAT"
"VETER","VETER"
"VICTOR HUGOSTRAAT","VICTOR HUGOSTRAAT"
"VIGIA","VIGIA"
"VILLAGE NOORD","VILLAGE NOORD"
"VILLAGE ZUID","VILLAGE ZUID"
"VISSTRAAT","VISSTRAAT"
"VONDELLAAN","VONDELLAAN"
"VORSTSTRAAT","VORSTSTRAAT"
"VROLIJKSTRAAT","VROLIJKSTRAAT"
"VUYLSTEKESTRAAT","VUYLSTEKESTRAAT"
"WABISTRAAT","WABISTRAAT"
"WALISHALI","WALISHALI"
"WARAWARA","WARAWARA"
"WASHINGTON","WASHINGTON"
"WATAPANA GEZAAG","WATAPANA GEZAAG"
"WATAPANASTRAAT","WATAPANASTRAAT"
"WATTSTRAAT","WATTSTRAAT"
"WAYACA","WAYACA"
"WAYAKA","WAYAKA"
"WEG FONTEIN","WEG FONTEIN"
"WEG KUSTBATTERIJ","WEG KUSTBATTERIJ"
"WEG ROOI CONGO","WEG ROOI CONGO"
"WEG ROOI HUNDO","WEG ROOI HUNDO"
"WEG SERO BLANCO","WEG SERO BLANCO"
"WEG SERO PRETO","WEG SERO PRETO"
"WEG SEROE BLANCO","WEG SEROE BLANCO"
"WEG SEROE PRETO","WEG SEROE PRETO"
"WERNETSTRAAT","WERNETSTRAAT"
"WESTPUNT","WESTPUNT"
"WESTSTRAAT","WESTSTRAAT"
"WEVERSTRAAT","WEVERSTRAAT"
"WILHELMINASTRAAT","WILHELMINASTRAAT"
"WILLEM DE ZWIJGERSTRAA","WILLEM DE ZWIJGERSTRAA"
"WILLEM DE ZWIJGERSTRAAT","WILLEM DE ZWIJGERSTRAAT"
"WILLEMSTRAAT","WILLEMSTRAAT"
"WILLIAMSSTRAAT","WILLIAMSSTRAAT"
"WINDSTRAAT","WINDSTRAAT"
"WOLFFSTRAAT","WOLFFSTRAAT"
"YANANA","YANANA"
"YOLASTRAAT","YOLASTRAAT"
"ZEEWIJK","ZEEWIJK"
"ZEPP LAMPESTRAAT","ZEPP LAMPESTRAAT"
"ZONDER WOON/VERBL.PLAATS","ZONDER WOON/VERBL.PLAATS"
"ZONDER WOON/VERBL.PLAATS 0","ZONDER WOON/VERBL.PLAATS 0"
"ZOUTMANSTRAAT","ZOUTMANSTRAAT"
"ZUIDSTRAAT","ZUIDSTRAAT"
"ZUMBO","ZUMBO"
"ZUSTER CANDIDASTRAAT","ZUSTER CANDIDASTRAAT"
"ZUSTER CHERUBINESTRAAT","ZUSTER CHERUBINESTRAAT"
"ZUSTER LIDWINASTRAAT","ZUSTER LIDWINASTRAAT"
"ZWOLLESTRAAT","ZWOLLESTRAAT"